Classe preparatoire ?conomique et commerciale ;2;5;"Les classes pr?paratoires aux grandes ?coles (C.P.G.E.) ont pour fonction d'accro?tre le niveau des connaissances des bacheliers dans diff?rents champs disciplinaires de mani?re ? les rendre aptes ? suivre une formation en grande ?cole dans les fili?res litt?raires, ?conomiques et commerciales et scientifiques. Chaque fili?re est subdivis?e en voies.
Elles pr?parent aux concours des ?coles sup?rieures de commerce et de gestion et de l'?cole normale sup?rieure de Cachan.
Les ?tudiants suivent un cursus polyvalent : math?matiques, ?conomie, langues vivantes ?trang?res, histoire, culture g?n?rale.
Trois voies sont ? distinguer :
scientifique
?conomique
technologique
Pour chaque voie d'?tude, un programme national d'?tudes est fix? par arr?t?, apr?s ?laboration en co-partenariat avec les grandes ?coles. Ces connaissances sont ?valu?es par les concours qu'organisent les grandes ?coles.
Au terme de ces formations, les ?tudiants qui  n'int?grent pas une grande ?cole peuvent poursuivre leurs ?tudes ? l'universit?.";
Classe preparatoire scientifique ;2;5;"Les classes pr?paratoires aux grandes ?coles (C.P.G.E.) ont pour fonction d'accro?tre le niveau des connaissances des bacheliers dans diff?rents champs disciplinaires de mani?re ? les rendre aptes ? suivre une formation en grande ?cole dans les fili?res litt?raires, ?conomiques et commerciales et scientifiques. Chaque fili?re est subdivis?e en voies.
Pour chaque voie d'?tude, un programme national d'?tudes est fix? par arr?t?, apr?s ?laboration en co-partenariat avec les grandes ?coles. Ces connaissances sont ?valu?es par les concours qu'organisent les grandes ?coles.
Elles pr?parent aux concours des ?coles d'ing?nieurs, des ?coles normales sup?rieures et des ?coles nationales agronomiques ou v?t?rinaires, etc.
Les classes pr?paratoires scientifiques proposent :
sept voies en premi?re ann?e (M.P.S.I. - P.C.S.I. - P.T.S.I. - B.C.P.S.T. - T.S.I. - T.P.C. - T.B.)
huit voies en seconde ann?e (M.P. - P.C. - P.S.I. - P.T. - B.C.P.S.T. - T.S.I. - T.P.C. - T.B.). ?ces voies, il faut ajouter la voie A.T.S. r?serv?e aux ?tudiants titulaires d'un DUT ou d'un B.T.S. (dur?e de formation : un an).
une voie sp?cifique : classe pr?paratoire ENS Cachan arts et design. Cette voie pr?pare l'ENS Cachan et s'adresse principalement aux bacheliers STD2A. Elle accueille ?galement des bacheliers g?n?raux (S et L) pouvant avoir suivi une sp?cialit? arts plastiques au lyc?e ou ?ventuellement une ann?e de mise ? niveau en arts appliqu?s (MANAA).
Au terme de ces formations, les ?tudiants qui  n'int?grent pas une grande ?cole peuvent poursuivre leurs ?tudes ? l'universit?.";
Licence d'?conomie ou de gestion ;3;3;"Vous ?tudierez pendant deux ans le fonctionnement d?ne ?conomie (macro?conomie) et le comportement des acteurs ?conomiques (micro?conomie), ainsi que les probl?mes ?conomiques contemporains. L?cquisition des outils de lՎconomiste (math?matiques, statistiques, informatique) repr?sente une part importante de la formation.
Vous pourrez choisir parmi plusieurs sp?cialisations selon votre projet professionnel et votre universit? d?ccueil :
Administration ?conomique et sociale : elle est compos?e de droit, dՎconomie et de gestion et de sciences sociales. Cette formation vous offre un grand choix d?rientation : administration et gestion des entreprises ou bien administration g?n?rale et territoriale en vue du concours de la fonction publique.
Sciences de gestion : tourn?e vers le monde professionnel, elle propose deux parcours principaux.
- la fili?re gestion (g?n?raliste) pr?pare au management d?ntreprise au sens large.
- la fili?re comptable (plus sp?cialis?e) pr?pare aux masters de comptabilit?, contr?le, audit, et sert de passerelle vers la fili?re de l?xpertise comptable.
D?utres sp?cialisations sont propos?es aux ?tudiants : ?conom?trie, ressources humaines, ?conomie du d?veloppement, ?conomie internationale, micro?conomie approfondie, s?minaire dՎconomie internationale, politiques ?conomiques, ou encore socio?conomie... il y en a pour tous les go?ts.";
Licence de math?matiques ;3;3;"La licence de math?matiques (niveau bac +3) offre, gr?ce ? un solide socle de connaissances acquises dans l?nsemble des disciplines scientifiques, des opportunit?s dans les domaines de la m?t?o (pr?visions m?t?orologiques et climatiques), la t?l?phonie mobile (allocation des fr?quences, gestion des appels), Internet (conception des protocoles de communication, pr?visions de lՎvolution des r?seaux...), la production dՎnergie (optimisation de la distribution dՎlectricit?...), la banque, la finance, l?magerie...
Une poursuite dՎtude est bien entendu envisageable. L?cc?s en L1 se fait avec un bac S, ?ventuellement ES avec une sp?cialit? math?matiques. Quelques universit?s proposent une remise ? niveau scientifique.
Au programme:
Comme toujours, la formation est progressive, afin que l?rientation soit m?rement r?fl?chie et dont convienne parfaitement ? chaque ?tudiant. Dans la plupart des universit?s, l?nseignement en L1, voire en L2, est construit sous la forme d?n tronc commun. Il s?git d?cqu?rir des connaissances scientifiques approfondies en math?matiques (alg?bre, g?om?trie, analyse, calcul diff?rentiel et int?gral, probabilit?s et statistiques, finances...) et aussi une formation scientifique pluridisciplinaire (physique, chimie, informatique...). A noter ?galement des enseignements en ?conomie, communication, langue...
En L3, plusieurs parcours s?ffrent aux ?tudiants, par exemple : math?matiques/informatique. M?me dans cette licence scientifiques la mobilit? internationale est un plus. La plupart des universit?s l?ncourage fortement.";
Dipl?me sup?rieur d'arts appliqu?s (DSAA) option cr?ation industrielle;4;2;"Apr?s un BTS des arts appliqu?s, un dipl?me des m?tiers d'art, les ?tudiants ont la possibilit? d?pprofondir leur formation et dՎlever leur niveau de qualification en pr?parant en deux ans un Dipl?me sup?rieur des arts appliqu?s, sp?cialit? design.
Le DSAA sp?cialit? design s?dresse aux ?tudiants souhaitant s?ngager dans une carri?re professionnelle dans les m?tiers de la cr?ation et de la conception en design de communication, d?space, de mode, de produits ou de services.
Quatre mentions sont propos?es : espace - graphisme - mode - produit.
Le champ de la cr?ation-conception en design ne se limite pas ? la mise au point d'une id?e. Il se d?finit au travers d?n processus complexe qui prend en compte l'usage et les pr?occupations des utilisateurs au plan esth?tique, social, ?conomique et fonctionnel, en se gardant de confondre cette proposition avec la notion d'innovation, les crit?res de nouveaut? technologique ou d'efficacit? ne suffisant pas pour rendre compte des activit?s du designer.
Aussi, la formation reste r?solument ouverte ? des investigations transversales et prospectives qui favorisent la porosit? entre les diff?rents domaines du design, en d?veloppant notamment des attitudes r?flexives privil?giant une approche globale et polyvalente du design. Elle s?ppuie sur une p?dagogie de projet d?velopp?e en ?quipe et aborde des probl?matiques d?ctualit?, en ?troite relation avec des interlocuteurs professionnels, qui favorise la future insertion professionnelle des ?tudiants.
La formation comprend un stage en milieu professionnel obligatoire d'une dur?e de 12 semaines minimum.
Le DSAA Design est inscrit au niveau I dans la nomenclature interminist?rielle des niveaux de formation.
Il peut ?tre pr?par? :
par la voie scolaire dans un cycle dՎtude de deux ann?es ;
par la voie de l?pprentissage ;
par la voie de la formation professionnelle continue ;
au titre de la validation des acquis de l?xp?rience.
La formation pr?parant au DSAA s'inscrit dans le cadre de l'architecture europ?enne des ?tudes.
";
Dipl?me de l'?cole nationale des arts d?coratifs (ENSAD);5;2;"Le dipl?me de l'?cole nationale sup?rieure des Arts D?coratifs est d?cern? ? lՎl?ve qui a obtenu la totalit? des cr?dits de son cursus (300 ECTS) et a soutenu avec succ?s son M?moire ainsi que son projet de fin dՎtudes (Grand projet), pr?sent? devant un jury dont la composition est fix?e par le directeur de lՃcole.
Le dipl?me de lՃcole est d?livr? avec une sp?cialisation dans l?n des dix secteurs de formation offerts : Architecture int?rieure, Cin?ma d?nimation, Art espace, Design graphique / multim?dia, Design objet, Design textile et mati?re, Design v?tement, Image imprim?e, Photo / vid?o, Sc?nographie.
Ce dipl?me est certifi? au niveau 1, code NSF 132f, par arr?t? du 6 f?vrier 2008 portant enregistrement au R?pertoire national des certifications professionnelles, publi? au Journal officiel du 21 f?vrier 2008.
Poursuivre des ?tudes et recherches apr?s l?btention du dipl?me de lՃcole nationale sup?rieure des Arts D?coratifs
L?ntr?e dans la vie professionnelle est la voie naturelle apr?s obtention du dipl?me. Les dipl?m?s qui souhaitent poursuivre des ?tudes et recherches peuvent postuler :
? EnsadLab (Cycle de recherche de lՃcole - 3ans), dans le cadre d?n programme de recherche ou dans celui du doctorat Sciences-Art-Cr?ation-Recherche (SACRe) avec PSL.
dans une universit? ou grande ?cole, en France et ? l'?tranger, dans le cadre des proc?dures d?dmission propres ? ces institutions, pour les d?tenteurs d?n dipl?me conf?rant le grade de master. Il est rappel? que le dipl?me de l'Ecole nationale sup?rieure des Arts D?coratifs conf?re le grade de master (depuis 2010). ex : master EDC de Sciences-po Paris
Les dipl?m?s ont ?galement la possibilit? de se pr?senter aux concours d?cc?s ? la fonction publique de cat?gorie A, notamment aux concours de recrutement des enseignants des ?coles d?rt, des ?coles d?rchitecture ou de l?nseignement de second degr?.";
Dipl?me de cr?ation industrielle de l'Etablissement public ? caract?re industriel et commercial (ENSCI);5;3;"LՃcole Nationale Sup?rieure de Cr?ation Industrielle (ENSCI-Les Ateliers) [? Paris] forme de mani?re originale et sp?cifique ? la cr?ation et au design industriels ainsi qu?u design textile. Elle porte et promeut la cr?ation dans l?ndustrie du XXIe si?cle, autant immat?rielle que mat?rielle ; elle forme des concepteurs d?bjets, avec leurs parts esth?tique, fonctionnelle et d?sages associ?s, cr?ateurs de valeurs ?conomiques et sociales. Sa p?dagogie originale est bas?e sur le projet et le cursus individualis?.
?tablissement public ? caract?re industriel et commercial, elle est plac?e sous la tutelle des minist?res charg?s de la Culture et de l?ndustrie et jouit d?ne r?putation et d?ne insertion nationale et internationale de premier plan. Elle d?livre deux dipl?mes en formation initiale : cr?ateur industriel et designer textile, ?lev?s tous les deux au grade de master. L?NSCI offre ?galement des cursus post-Master, accr?dit?s par la Conf?rence des Grandes ?coles. L?NSCI a ?t? class?e au deuxi?me rang des ?coles et universit?s d?urope et d?m?rique dans le Red Dot Design Ranking 2016, cat?gorie Design Concept.";
Dipl?me de designer mobilit?s de Strate College designers;4;2;"En devenant designer mobilit?[s], vous concevez les v?hicules de notre quotidien allant de la moto au train en passant par la voiture ou le bateau. Vous am?liorez l'usage des v?hicules pour am?liorer le quotidien des gens dans leur d?placement ou le transport de marchandise.
Vous apprenez les Sciences Humaines et Comportementales pour comprendre les usages et d?terminer les besoins des utilisateurs en vous mettant en situation, en les mettant au centre de votre r?flexion. Vous puisez dans les arts, l'histoire et la culture g?n?rale pour donner du sens ? votre cr?ation. Les objets sont con?us pour faciliter la vie des humains. C'est ?galement (surtout ?) vrai pour l'objet automobile !
Vous apprenez le dessin, la maquette, la mod?lisation 3d, la vid?o, etc. Le Designer Mobilit?[s] (Transport automobile) est un expert de la mise en forme et de la sc?narisation de ses id?es. Vous devez communiquer par des sc?narios d'usage ou des prototypes simples. Vous apprenez aussi ? exprimer vos id?es par l'?crit et ? l'oral. S'il y a un m?tier ou le dessin peut ?tre un levier de s?lection, c'est dans l'automobile.
Vous ?tes confront? ? la r?alit? du m?tier par les intervenants de Strate, tous professionnels en activit?, vous effectuez jusqu'? 18 mois de stage et des partenariats suivis par les entreprises. Vous travaillez en ?quipes pluridisciplinaires, challeng?s sur des sujets propos?s par des marques. La formation designer mobilit? ne se limite pas ? l'automobile, il faudra donc conna?tre plusieurs type de soci?t?s. Tous les 2 ans nousa participons au Mondial de l'automobile et tous les ans au Festival Automobile International. un bon moyen d'en apprendre plus sur les marques.
En plus de choisir entre Design Produit[s], Design d'Espace[s], Design d'Identit?[s], Design d'Interaction[s] ou Immersive design, vous pouvez faire un double dipl?me Designer-Manager, vous suivez ?galement des cours sur l'entrepreneuriat, et Strate propose des options post-dipl?me avec des ?coles partenaires pour afiner votre projet professionnel. Vous pourrez ainsi ?tablir votre projet avant de sortir de l'?cole et pr?parer votre projet professionnel pour les ann?es qui suivront.";
Dipl?me d'ing?nieur design industriel de l?TC de Compi?gne;5;2;"Conseill? et encadr?, l'?tudiant choisit ses UV (module d'enseignement) ? l'int?rieur d'un programme sp?cifique ? la fili?re. On peut distinguer principalement :
les enseignements communs de la branche m?canique : r?sistance des mat?riaux, m?canique des vibrations, syst?mes d'entra?nement ?lectriques, physique du solide, propri?t?s m?caniques
la technologie des mat?riaux : m?talliques, composites, polym?res, mise en ?vre des mat?riaux les fondements de la conception de produits : ergonomie, analyse de la valeur, m?thodologie de conception, gestion de projets, ma?trise de la qualit?, bureau d'?tudes CFAO les connaissances sp?cifiques du design : conception formelle, design graphique, croquis et dessin de rendu, maquette volume, mod?lisation g?om?trique-CAO, s?miologie & psychom?trie des produits, design automobile, pratique du projet les enseignements ?conomiques et culturels : marketing, gestion des ressources technologiques, culture technique, propri?t? industrielle, art & soci?t? ...
En plus des stages de longues dur?es sp?cifiques ? l'UTC, les ?tudiants travaillent sur des cas concrets propos?s par nos partenaires industriels.";
Licence de physique ? la facult? ;3;3;"""La licence de physique est centr?e sur l'?tude des connaissances fondamentales en physique g?n?rale, th?orique et exp?rimentale. Au programme : ?lectromagn?tisme, m?canique, acoustique, optique, physique quantique, ?lectronique, ?nerg?tique. S'y ajoute l'acquisition des outils informatiques et math?matiques permettant de formuler des probl?mes de phyqiue afin de les traiter informatiquement et d'exploiter les r?sultats. En licence sont propos?s des parcours tels que """"physique fondamentale"""", """"physique appliqu?e"""", ?"""ing?nierie physique"""" (avec une orientation vers l'instrumentation, l'?lectronique, la thermique), ou encore des parcours bi-disciplinaires de physique-sciences de la terre ou de physique-math?matiques. La licence permet de s'ins?rer dans le secteur de l'industrie et plus g?n?ralement de poursuivre des ?tudes en master ou en ?cole d'ing?nieur. Outre la diversit? des formations de 1er cycle, et les sp?cificit?s qu'y apporte chaque ?tablissement, des ?l?ments de cadrage national ont ?t? d?finis avec le concours de l'ensemble des acteurs de l'enseignement sup?rieur pour informer les lyc?ens et leurs familles. La r?ussite en premi?re ann?e de licence scientifique n?cessite la ma?trise de connaissances et comp?tences acquises au lyc?e, une bonne connaissance des d?bouch?s de chaque fili?re universitaire ainsi qu'un engagement du futur ?tudiant dans son projet d'?tude choisi. Il est attendu des candidats en licence Mention PHYSIQUE : Disposer de comp?tences scientifiques Cette mention implique, en effet, d'avoir une capacit? ? analyser, poser une probl?matique et mener un raisonnement, une capacit? d'abstraction, de logique et de mod?lisation et la ma?trise d'un socle de connaissances disciplinaires et des m?thodes exp?rimentales associ?es. Disposer de comp?tences en communication Cette mention n?cessite en effet une capacit? ? communiquer ? l'?crit et ? l'oral de mani?re rigoureuse et adapt?e, une aptitude ? se documenter dans au moins une langue ?trang?re, prioritairement anglaise et une capacit? ? l'?crire et ? la parler ? un niveau B. Disposer de comp?tences m?thodologiques et comportementales Cette mention requiert une curiosit? intellectuelle, une capacit? ? s'organiser et ? conduire ses apprentissages et, enfin, une aptitude ? programmer son travail personnel et ? s'y tenir dans la dur?e. Dans ces grands domaines et pour toutes les mentions de licence scientifique, le lyc?en doit attester a minima une ma?trise correcte des principales comp?tences scientifiques cibles de la classe de terminale. En outre : Chaque mention de licence scientifique se caract?rise par une discipline majeure (le nom de la mention), pour laquelle il est pr?conis? une tr?s bonne ma?trise des mati?res correspondantes au lyc?e, et une bonne ma?trise des comp?tences exp?rimentales ?ventuellement associ?es. Chaque mention inclut souvent une seconde discipline pour laquelle il est pr?conis? une bonne ma?trise des mati?res correspondantes au lyc?e. Une tr?s bonne ma?trise des comp?tences attendues en Physique-Chimie ? la fin de la classe de terminale est pr?conis?e. Une bonne ma?trise des comp?tences exp?rimentales attendues en Physique-Chimie ? la fin de la classe de terminale est pr?conis?e. Une bonne ma?trise des comp?tences attendues en Math?matiques ? la fin de la classe de terminale est pr?conis?e en fonction du portail auquel appartient la mention.""";
Licence et master m?canique?ans une ?cole d'ing?nieur post-bac?5;3;"""La formation de l'?tudiant en Ing?nierie M?canique comporte 4 semestres d'?tudes et 2 semestres de stages industriels. Elle s'appuie sur l'acquisition d'un socle de connaissances permettant d'asseoir les fondamentaux scientifiques et techniques. Les enseignements dispens?s comportent de nombreux aspects d?di?s ? l'exp?rimentation contribuant ? d?velopper le sens du concret et des r?alit?s. Ils s'appuient ?galement en tr?s grande majorit? sur une p?dagogie par projets, principalement de natures industrielles, afin de favoriser le d?veloppement du travail en ?quipe, notamment en fin de cursus. Le mod?le p?dagogique innovant de l'UTC repose sur une formation ? la carte : nos ?l?ves-ing?nieurs peuvent ainsi corr?ler leur formation avec leurs projets personnels et professionnels, et d?veloppent ainsi une tr?s grande autonomie. La ma?trise de l'anglais est requise. Les enseignements s'organisent autour de trois grands domaines de comp?tences pr?sents dans le d?partement d'Ing?nierie M?canique : science et ing?nierie de la m?canique num?rique, de l'acoustique et des mat?riaux : mod?lisation des ph?nom?nes physiques science et ing?nierie de la m?canique et m?catronique : conception de syst?mes m?catroniques et ?nergie ?lectrique science et ing?nierie des syst?mes industriels : conception - industrialisation, fiabilit?, design En fin de cursus, les ?l?ves ing?nieurs choisissent une fili?re. Ces fili?res permettent de distinguer plusieurs parcours de formation et donner une coloration """" m?tier """" correspondant ? l'approfondissement d'un domaine porteur en termes d'employabilit?. Le d?partement d'Ing?nierie M?canique propose 9 fili?res pouvant ?tre pr?sent?es comme suit : Acoustique et Vibration pour l'Ing?nieur (AVI) : appr?hender la ma?trise et la r?duction des bruits et des vibrations des produits des industries m?caniques et du b?timent pour la conception d'un syst?me m?canique Conception M?canique Int?gr?e (CMI) : analyser, mod?liser et concevoir un syst?me m?canique et son comportement en tenant compte des probl?matiques d'int?grations des composants et leurs syst?mes de commande dans un contexte d'ing?nierie collaborative Fiabilit? et Qualit? Industrielle (FQI) : concevoir une d?marche d'ing?nierie robuste en maitrisant les m?thodes statistiques de pilotage et les probl?matiques de qualit?, fiabilit? et suret? de fonctionnement Ing?nierie du Design Industriel (IDI) : concevoir des produits, en tenant compte des facteurs techniques, ergonomiques et esth?tiques, et savoir communiquer un concept ou un projet de design M?catronique, Actionneurs, Robotisation & Syst?mes (MARS) : comprendre et ma?triser les machines ?lectriques et leurs interactions avec l'?lectronique de puissance pour mod?liser et dimensionner le contr?le d'un syst?me m?catronique et ses contraintes d'int?gration Mat?riaux et Innovation Technologique (MIT) : ma?triser les crit?res de choix des mat?riaux, leurs propri?t?s, proc?d?s de mise en ?vre et modes de d?gradations pour r?soudre les principaux probl?mes li?s ? leurs dans l'ensemble de la production industrielle Production Int?gr?e et Logistique (PIL) : analyser et r?soudre les probl?mes pos?s par la production et la cha?ne logistique aff?rente afin d'organiser, mod?liser et am?liorer la gestion des produits, des machines et des hommes Simulation pour l'Ing?nierie M?canique (SIM) : proposer des mod?lisations num?riques performantes et juste n?cessaires pour analyser un syst?me complexe et simuler son comportement multiphysique Une fili?re transversale est propos?e dans tous les d?partements : Management des projets innovants. Cette fili?re int?gre ? la formation technico-scientifique une formation aux activit?s manag?riales de futurs cadres d'entreprise. Un label transversal est propos? dans tous les d?partements : Mod?lisation Math?matique """"Mod Math"""". Ce label est un parcours compl?mentaire ? la fili?re (sur le m?me principe qu'un mineur) choisie par les ?tudiants et ouvert ? toutes les branches de l'UTC et ? toutes les fili?res. Cette formation est propos?e par mes enseignants-chercheurs du LMAC, sp?cialistes reconnus dans un large spectre des math?matiques appliqu?es, qui pourront en outre faire profiter les candidats de leurs nombreux contacts institutionnels et industriels. La formation d'ing?nieur m?canicien est ?galement dispens?e par la voie de l'apprentissage selon deux parcours : Le parcours Conception (CPT) qui est orient? sur les activit?s amont de la vie du produit Le parcours Industrialisation (IND) qui est orient? sur les probl?matiques li?es aux moyens de production""";
BTS CPI - conception de produits industriels;2;2;"""Le/la titulaire du BTS Conception des produits industriels travaille en collaboration avec des sp?cialistes des domaines de la motorisation, des automatismes, de l'?nergie, des proc?d?s de transformation au sein d'une ?quipe de conception anim?e par un chef de projet. Il/elle intervient essentiellement au d?but de la cha?ne de conception et de r?alisation d'un produit (relations avec le client, conceptions pr?liminaire et d?taill?e et pr? industrialisation en relation directe avec les sp?cialistes de production). Ce sp?cialiste de la conception d?taill?e des produits, capable de d?finir compl?tement tout ou partie d'un produit industriel int?grant une chaine d'action m?canique, doit s'int?grer ? une ?quipe de conception de syst?mes complexes. Le titulaire du BTS Conception des produits industriels s'ins?re dans des entreprises de toutes tailles TPE, PME et grandes entreprises. Tous les secteurs d'activit?s ?conomiques mettant en ?vre des parties m?caniques sont concern?s. Attendus nationaux de la plateforme d'inscription dans l'enseignement sup?rieur Parcoursup S'int?resser ? la conception de produits m?caniques Disposer de comp?tences pour travailler en ?quipe dans le cadre d'une d?marche de projet Disposer de comp?tences scientifiques et technologiques pour Interpr?ter et exploiter les informations obtenues ? partir d'essais, de test, de simulations, de r?alisations Disposer de comp?tences en mati?re de communication technique pour d?crire une id?e, un principe, une solution (produit, processus, syst?me) Disposer de comp?tences en mati?re d'expression ?crite et orale y compris en anglais pour communiquer et argumenter Le BTS Conception des produits industriels est accessible ? tout titulaire d'un baccalaur?at : bac STI2D, bac professionnel industriel de la production, bac S. Acc?s sur dossier, voire tests et/ou entretien. Un quota de places est r?serv? aux bacheliers technologiques et professionnels.Les bacheliers technologiques ou professionnels ayant obtenu la mention ?bien ?ou ?tr?s bien ?au bac sont admis de droit dans les formations du secteur coh?rentes avec leur bac.""";
BTS CIM - conception et industrialisation en microtechniques;2;2;"""Le titulaire de ce BTS intervient tout au long de la cha?ne de d?veloppement et d'industrialisation d'appareils miniaturis?s et pluritechnologiques. Il peut travailler dans une entreprise de conception et de fabrication de mat?riels de pr?cision tels que les ?quipements ?lectroniques et informatiques, l'industrie automobile, la construction a?ronautique et spatiale, l'industrie nucl?aire, le mat?riel m?dico-chirurgical, les instruments de mesure, l'optique, la photographie, l'horlogerie, le jouet, etc. Le technicien sup?rieur CIM con?oit et modifie des appareils et des ?quipements microtechniques selon un cahier des charges. Il optimise les associations de mat?riaux, les proc?d?s, les processus et l'int?gration de composants pluritechnologiques. Il mod?lise les solutions adopt?es sur un poste de conception assist? par ordinateur (CAO) avant de les tester et de les valider en r?alisant des maquettes et des prototypes et en concevant des outillages. En vue de l'industrialisation d'un produit, il d?finit tout ou partie du processus de production et v?rifie la faisabilit? du projet ? partir de mod?les num?riques ?labor?s par ses soins. Il peut aussi participer ? la maintenance d'appareils microtechniques, mettre en service de nouveaux ?quipements et en expliquer le fonctionnement aux op?rateurs, am?liorer les postes de travail existants et contribuer ? la gestion de la production. Les bacs professionnels et les bacs technologiques STI2D se partagent majoritairement les places de ce BTS. Attendus nationaux de la plateforme d'inscription dans l'enseignement sup?rieur Parcoursup S'int?resser ? la conception de produits m?caniques Disposer de comp?tences pour travailler en ?quipe dans le cadre d'une d?marche de projet Disposer de comp?tences scientifiques et technologiques pour Interpr?ter et exploiter les informations obtenues ? partir d'essais, de test, de simulations, de r?alisations Disposer de comp?tences en mati?re de communication technique pour d?crire une id?e, un principe, une solution (produit, processus, syst?me) Disposer de comp?tences en mati?re d'expression ?crite et orale y compris en anglais pour communiquer et argumenter Le BTS Conception et industrialisation en microtechniques est accessible ? tout titulaire d'un baccalaur?at : bac STI2D, bac professionnel industriel en microtechniques, bac S. Acc?s sur dossier, voire tests et/ou entretien. Un quota de places est r?serv? aux bacheliers technologiques et professionnels.Les bacheliers technologiques ou professionnels ayant obtenu la mention ?bien ?ou ?tr?s bien ?au bac sont admis de droit dans les formations du secteur coh?rentes avec leur bac.""";
BTS CIRA - contr?le industriel et r?gulation automatique;2;2;"""Le titulaire du BTS Contr?le industriel et r?gulation automatique est un sp?cialiste des syst?mes automatis?s de contr?le (comme les capteurs) et de r?gulation sur les cha?nes de fabrication. Le but de la r?gulation ?tant de maintenir la pression, le d?bit et la temp?rature de la production. En amont de la fabrication, il propose des solutions techniques relatives aux syst?mes de contr?le-commande et aux syst?mes asservis parmi lesquels il doit faire un choix. Il participe ensuite ? l?nstallation et ? la mise en service, la maintenance et, m?me parfois, ? la conduite de ces syst?mes. La formation sur deux ans comprend des enseignements g?n?raux et professionnels. A cela s?joutent 12 ? 16 semaines de stage en entreprise. Il est possible d?ffectuer toute ou une partie de la formation en alternance. Dans le BTS Contr?le industriel et r?gulation automatique, on retrouve les enseignements suivants : Fran?ais Anglais Math?matiques Sciences physiques Chimie et physique Physique appliqu?e Automatismes et logique R?gulation Mesures industrielles et technologie d?ppareillage """;
DUT GIM - g?nie industriel et maintenance;2;3;"""Le titulaire du DUT GMP peut participer aux ?tapes qui conduisent de l'expression du besoin au produit. Il analyse, mod?lise, con?oit, industrialise, organise et communique, produit, valide. Quel que soit le secteur industriel, les m?mes grandes ?tapes structurent le cycle de vie du produit : il participe ? la conception ; ? l'industrialisation (m?thodes : process, produit, atelier fabrication, maintenance et qualit?) ; ? la gestion de production (ordonnancement, planification, approvisionnement) et de flux au contr?le, qualit?, m?trologie, s?curit? environnementale. Le titulaire du DUT GMP exerce ses activit?s dans tout secteur ?conomique (m?canique et machines-outils, a?ronautique, navale, automobile, environnement et ?nerg?tique, nucl?aire, m?dical, ?lectrom?nager, sports et loisirs, transports, environnement, BTP et ?quipement). Il s'ins?re dans les ?quipes sp?cialis?es ou polyvalentes des services et d?partements industriels : R & D (recherche et d?veloppement), essais ; bureaux d'?tudes et d'outillage ; m?thodes, industrialisation ; maintenance et supervision ; organisation et gestion de la production ; production ; assurance et contr?le de la qualit? ; achat, vente et apr?s-vente Comp?tences g?n?rales : Etre int?ress? par l'industrie et par ses m?tiers, Avoir le go?t des syst?mes m?caniques, Avoir une culture g?n?rale et scientifique correcte, Avoir une maitrise du fran?ais permettant d'acqu?rir de nouvelles comp?tences, de comprendre un ?nonc? scientifique et de r?diger une solution ? un probl?me, Avoir une connaissance suffisante de l'anglais permettant de progresser pendant la formation, Etre actif dans sa formation : ?couter, participer et avoir envie d'apprendre. Comp?tences techniques et scientifiques : Etre capable d'appliquer une technique de r?solution de probl?me, qu'il soit scientifique ou technique, Etre capable d'?voluer dans un environnement num?rique, Aimer exp?rimenter et avoir le go?t de la r?alisation, Savoir mobiliser ses savoirs pour r?pondre ? une probl?matique scientifique, Elaborer un raisonnement structur? et adapt? ? une situation scientifique. Qualit?s humaines: Avoir l'esprit d'?quipe et savoir s'int?grer dans les travaux de groupe via les projets, travaux pratiques, Savoir s'impliquer dans ses ?tudes et fournir le travail n?cessaire ? sa r?ussite. Le DUT g?nie m?canique et productique est accessible ? tout titulaire d'un baccalaur?at : bac S, bac STI2D, bac STL, bac ES. Acc?s sur dossier, voire tests et/ou entretien. Un quota de places est r?serv? aux bacheliers technologiques.Les bacheliers technologiques ayant obtenu la mention ?bien ?ou ?tr?s bien ?au bac sont admis de droit dans les formations du secteur coh?rentes avec leur bac.Acc?s en ann?e sp?ciale (DUT en 1 an) : avoir valid? 60 cr?dits europ?ens ou suivi un enseignement sup?rieur de 2 ans. Sur entretien.""";
DUT GMP - g?nie m?canique et productique;2;2;"""Le titulaire du DUT GMP peut participer aux ?tapes qui conduisent de l'expression du besoin au produit. Il analyse, mod?lise, con?oit, industrialise, organise et communique, produit, valide. Quel que soit le secteur industriel, les m?mes grandes ?tapes structurent le cycle de vie du produit : il participe ? la conception ; ? l'industrialisation (m?thodes : process, produit, atelier fabrication, maintenance et qualit?) ; ? la gestion de production (ordonnancement, planification, approvisionnement) et de flux au contr?le, qualit?, m?trologie, s?curit? environnementale. Le titulaire du DUT GMP exerce ses activit?s dans tout secteur ?conomique (m?canique et machines-outils, a?ronautique, navale, automobile, environnement et ?nerg?tique, nucl?aire, m?dical, ?lectrom?nager, sports et loisirs, transports, environnement, BTP et ?quipement). Il s'ins?re dans les ?quipes sp?cialis?es ou polyvalentes des services et d?partements industriels : R & D (recherche et d?veloppement), essais ; bureaux d'?tudes et d'outillage ; m?thodes, industrialisation ; maintenance et supervision ; organisation et gestion de la production ; production ; assurance et contr?le de la qualit? ; achat, vente et apr?s-vente""";
Facult? de m?decine g?n?raliste ;6;5;"""Le cursus de m?decine d?bute avec la PACES (1re ann?e commune aux ?tudes de sant?) ou les";"alternatives mises en place dans certaines universit?s. 30 % des ?tudiants en moyenne franchissent l?bstacle du concours ? l'issue. En 2018-2019, le numerus clausus en m?decine (nombre de places ouvertes au concours fix? chaque ann?e par lՃtat) s'?l?ve ? 8205 places, un chiffre en augmentation pour lutter contre les d?serts m?dicaux. En 2e et 3e ann?es, les ?tudes se r?partissent entre cours magistraux, TP (travaux pratiques), ?tudes dirig?es et stages. Il n'y plus de concours en vue, la pression se rel?che pour un temps. Le programme comprend de la s?miologie, de la physiologie, de l'anatomie, de la microbiologie, etc. Les premi?res notions de pathologie, de pharmacologie ou de bact?riologie apparaissent. S? ajoutent des enseignements optionnels : philosophie des sciences, anglais m?dical, histoire de la m?decine ou informatique m?dicale. La 3e ann?e est plus clinique et se concentre davantage sur les sciences m?dicales, comme l'immunologie. Sur les 2 ans, 12 semaines de stage au minimum sont pr?vues. Ces stages ont lieu ? l'h?pital dans des services g?n?raux ou sp?cialis?s, par exemple en dermatologie, en r?animation, en cardiologie, etc. La pratique commence avec un stage infirmier de 4 semaines ? temps plein, l'?t? suivant la PACES. En fin de 3e ann?e, les ?tudiants obtiennent le DFGSM (dipl?me de formation g?n?rale en sciences m?dicales), reconnu au niveau licence. Les 4e, 5e et 6e ann?es de m?decine : l?xternat Ces 3 ann?es denses permettent d?cqu?rir une formation m?dicale compl?te et de se pr?parer ? l?utre barrage des ?tudes de m?decine : les ECNi (?preuves classantes nationales informatis?es), qui d?termineront la sp?cialit? suivie. L'externat s?rticule autour des pathologies, de leur th?rapeutique et de leur pr?vention. Au programme : g?riatrie, appareil locomoteur, neurologie, canc?rologie, p?diatrie, etc. Le plus souvent, les enseignements sont organis?s par modules th?matiques, en g?n?ral en lien avec les stages, par exemple, cardiologie/pneumologie/r?animation. S'y ajoutent des s?minaires transversaux, comme l'addictologie, et ceux consacr?s ? la pr?paration des ECNi. La pratique clinique occupe de plus en plus de temps. Les externes sont ? la fois ?tudiants et salari?s de l??pital, et touchent une r?mun?ration variable selon l'avanc?e du cursus. Certains stages sont obligatoires (par exemple m?decine d'urgence, chirurgie ? l'h?pital, etc.), d'autres libres. Au total, 25 gardes sont ? effectuer au minimum sur les 3 ans et ont lieu principalement aux urgences. En fin de 6e ann?e, pendant 2 jours, les ?tudiants en m?decine passent les ECNi. Tout le monde a une place mais le choix de sa sp?cialit? et du lieu o? l?n exercera est d?termin? par son classement. Les mieux class?s choisissent en premier. ?la fin de la 6e ann?e, les ?tudiants obtiennent le DFASM (dipl?me de formation approfondie en sciences m?dicales), reconnu au niveau master. Au total, il existe 44 sp?cialit?s : 13 d'entre elles sont d?di?es ? la discipline chirurgicale (urologie, chirurgie vasculaire, gyn?cologie-obst?trique, etc.) ; 30 autres rel?vent de la discipline m?dicale (psychiatrie, pneumologie, radiologie et imagerie m?dicale, etc.) ; la biologie m?dicale est l'unique sp?cialit? de la discipline biologique. Selon les sp?cialit?s, le nombre de places ouvertes chaque ann?e varie fortement : chirurgie p?diatrique (24 places en 2017-2018), g?riatrie (200 places), m?decine g?n?rale (3 132 places), etc. L?nternat dure de 3 ? 6 ans, selon les sp?cialit?s. Il est organis? en trois phases : socle, approfondissement, consolidation. Les internes effectuent des 6 stages semestriels (au moins 6) et conservent parall?lement quelques enseignements th?oriques. Membre de l'?quipe m?dicale, ils acqui?rent une autonomie qui va croissant avec l'exp?rience mais ils restent toujours sous la responsabilit? des praticiens qui les forment. Enfin, ils pr?parent une th?se d'exercice. Apr?s avoir valid? stages, enseignements et m?moire, les internes obtiennent le DE de docteur en m?decine, assorti du DES (dipl?me dՎtudes sp?cialis?es) de la discipline suivie."""
Licence biologie ;3;3;"""La licence biologie ou licence sciences de la vie est une formation dipl?mante de niveau bac+3 (ou niveau II) permettant d?cqu?rir 180 cr?dits ECTS et qui forme aux comp?tences de recherche scientifique li?es ? l?rganisme, aux mol?cules et aux cellules vivantes. Il est fortement conseill? d?ffectuer des stages d?s la premi?re ann?e de licence biologie afin d?cqu?rir de l?xp?rience et de b?n?ficier ? l?venir d?ne insertion professionnelle de qualit?. L?lternance est ?galement une possibilit? dans ce cursus. Programme En premi?re ann?e de licence sciences de la vie, vous aborderez d?bord des mati?res plus g?n?rales qui consolident vos connaissances scientifiques de base comme : les math?matiques la physique la chimie la g?ologie l?nformatique D?s la L2, le programme se sp?cialise et vous permet d?border : la microbiologie la biochimie la biologie cellulaire la g?n?tique l?nzymologie En troisi?me ann?e de licence, vous devrez probablement choisir votre sp?cialisation de parcours, qui sont tr?s nombreuses : biologie cellulaire et physiologie biologie humaine et g?n?tique_ biotechnologies biologie et biochimie biologie et environnement Des cours d?nglais scientifique sont par ailleurs pr?vus en compl?ment de ces savoirs.""";
 Ecole de commerce master finance;2;4;"""Le master finance propose des enseignements th?oriques et professionnels. La finance est une discipline tr?s complexe qui n?cessite de croiser de nombreux domaines comme le droit, la gestion, la fiscalit?... La premi?re ann?e est consacr?e ? l'acquisition de connaissances communes, alors que la seconde ann?e sp?cialise davantage les ?tudiants. Durant deux ans, les cours peuvet s'apparenter aux mati?res suivantes : Entreprise et march?s de capitaux Audit et commissariat aux comptes Comptabilit? et information financi?re Contr?le de gestion Politique financi?re de l?ntreprise Gestion financi?re approfondie Gestion d'actifs Ing?nierie juridique, fiscale et financi?re Gestion bancaire et des risques Connaissances des march?s, ?tudes et simulations Au cours des deux ann?es de Master, les ?tudiants r?alisent un stage de 6 mois minimum pour acqu?rir un certain savoir-faire. Les masters en finance vous demanderont de r?aliser un m?moire, soit sur le stage que vous avez r?alis?, soit sur un sujet pr?cis que vous aurez librement choisi. Cet exercice vise ? vous apporter une expertise dans un domaine sp?cifique.""";
 Ecole d'ing?nieur master finance;2;4;"""L'ing?nierie financi?re est l'ensemble des techniques financi?res et juridiques mises en place pour r?soudre un probl?me financier ou bien patrimonial que peut avoir un investisseur, une entreprise ou un actionnair Le Master Ing?nierie Financi?re est le grade bac+5. Il peut s'effectuer en temps plein ou en alternance. Programme du Master Ing?nierie Financi?re: Les deux ann?es du Master Ing?nierie Financi?re sont intensives. En effet, les ?tudiants acqui?rent une multitude de connaissances et se professionnalisent rapidement. De plus, les ?tudiants assistent ? des conf?rences et ? des s?minaires pr?sent?s par des professionnels de l'ing?nierie financi?re. Les mati?res dispens?es pendant le Master Ing?nierie Financi?re sont : Information financi?re et ?valuation des entreprises Op?rations d?ng?nierie financi?re Gestion financi?re et fiscale approfondie des entreprises Fiscalit? de l'ing?nierie financi?re Droit de l'ing?nierie financi?re Les stages de minimum trois mois dans une entreprise sont obligatoires afin que les ?tudiants acqui?rent leurs propres exp?riences. A l'issue de celui-ci, ils doivent r?diger un m?moire.""";
 Master finance ? la facult?;2;3;"""Le master finance propose des enseignements th?oriques et professionnels. La finance est une discipline tr?s complexe qui n?cessite de croiser de nombreux domaines comme le droit, la gestion, la fiscalit?... La premi?re ann?e est consacr?e ? l'acquisition de connaissances communes, alors que la seconde ann?e sp?cialise davantage les ?tudiants. Durant deux ans, les cours peuvet s'apparenter aux mati?res suivantes : Entreprise et march?s de capitaux Audit et commissariat aux comptes Comptabilit? et information financi?re Contr?le de gestion Politique financi?re de l?ntreprise Gestion financi?re approfondie Gestion d'actifs Ing?nierie juridique, fiscale et financi?re Gestion bancaire et des risques Connaissances des march?s, ?tudes et simulations Au cours des deux ann?es de Master, les ?tudiants r?alisent un stage de 6 mois minimum pour acqu?rir un certain savoir-faire. Les masters en finance vous demanderont de r?aliser un m?moire, soit sur le stage que vous avez r?alis?, soit sur un sujet pr?cis que vous aurez librement choisi. Cet exercice vise ? vous apporter une expertise dans un domaine sp?cifique.""";
 Ecole de commerce master strat?gie d'entreprise;2;4;"""Le Master en Management et Strat?gies d?ntreprise est une formation de type Master (Bac+5), qui sՎtale sur deux ann?es et qui est dispens?e par des ?tablissements rattach?s ? la FEDE (F?d?ration Europ?enne Des ?coles). Il forme les ?tudiants ? devenir les managers de demain et les pr?pare ? orchestrer des strat?gies d?ntreprise dans le domaine du management, de la gestion, du marketing, ? ?chelle nationale ou internationale, dans des entreprises de diverses tailles. L?bjectif est de permettre aux ?tudiants de : maitriser les techniques de d?cisions strat?giques avoir des connaissances pointues en ?conomie connaitre toutes les techniques de gestion du personnel avoir un excellent niveau d?nglais Programme du Master en Strat?gie d?ntreprise Durant ces deux ann?es de formation, les ?tudiants suivent des cours de : Marketing Droit et ?conomie Gestion et Comptabilit? Commerce et Finances Techniques de N?gociations Ressources humaines Langues vivantes Toutes ces mati?res ont pour objectif que les ?tudiants connaissent tous les aspects du fonctionnement d?ne entreprise. Ces enseignements th?oriques sont compl?t?s par la r?daction d?n m?moire en lien avec le secteur professionnel en deuxi?me ann?e et par des stages en entreprise chaque ann?e (dont la dur?e peut varier, g?n?ralement de 4 ? 6 mois) pour permettre aux ?tudiants de faire un premier pas dans la vie active.""";
 Ecole d'ing?nieur strat?gie d'entreprise;2;4;"""Le Master en Management et Strat?gies d?ntreprise est une formation de type Master (Bac+5), qui sՎtale sur deux ann?es et qui est dispens?e par des ?tablissements rattach?s ? la FEDE (F?d?ration Europ?enne Des ?coles). Il forme les ?tudiants ? devenir les managers de demain et les pr?pare ? orchestrer des strat?gies d?ntreprise dans le domaine du management, de la gestion, du marketing, ? ?chelle nationale ou internationale, dans des entreprises de diverses tailles. L?bjectif est de permettre aux ?tudiants de : maitriser les techniques de d?cisions strat?giques avoir des connaissances pointues en ?conomie connaitre toutes les techniques de gestion du personnel avoir un excellent niveau d?nglais Programme du Master en Strat?gie d?ntreprise Durant ces deux ann?es de formation, les ?tudiants suivent des cours de : Marketing Droit et ?conomie Gestion et Comptabilit? Commerce et Finances Techniques de N?gociations Ressources humaines Langues vivantes Toutes ces mati?res ont pour objectif que les ?tudiants connaissent tous les aspects du fonctionnement d?ne entreprise. Ces enseignements th?oriques sont compl?t?s par la r?daction d?n m?moire en lien avec le secteur professionnel en deuxi?me ann?e et par des stages en entreprise chaque ann?e (dont la dur?e peut varier, g?n?ralement de 4 ? 6 mois) pour permettre aux ?tudiants de faire un premier pas dans la vie active.""";
 Master management et strat?gie d'entreprise ? la facult?;2;4;"""Le Master en Management et Strat?gies d?ntreprise est une formation de type Master (Bac+5), qui sՎtale sur deux ann?es et qui est dispens?e par des ?tablissements rattach?s ? la FEDE (F?d?ration Europ?enne Des ?coles). Il forme les ?tudiants ? devenir les managers de demain et les pr?pare ? orchestrer des strat?gies d?ntreprise dans le domaine du management, de la gestion, du marketing, ? ?chelle nationale ou internationale, dans des entreprises de diverses tailles. L?bjectif est de permettre aux ?tudiants de : maitriser les techniques de d?cisions strat?giques avoir des connaissances pointues en ?conomie connaitre toutes les techniques de gestion du personnel avoir un excellent niveau d?nglais Programme du Master en Strat?gie d?ntreprise Durant ces deux ann?es de formation, les ?tudiants suivent des cours de : Marketing Droit et ?conomie Gestion et Comptabilit? Commerce et Finances Techniques de N?gociations Ressources humaines Langues vivantes Toutes ces mati?res ont pour objectif que les ?tudiants connaissent tous les aspects du fonctionnement d?ne entreprise. Ces enseignements th?oriques sont compl?t?s par la r?daction d?n m?moire en lien avec le secteur professionnel en deuxi?me ann?e et par des stages en entreprise chaque ann?e (dont la dur?e peut varier, g?n?ralement de 4 ? 6 mois) pour permettre aux ?tudiants de faire un premier pas dans la vie active.""";
 Ecole d'ing?nieur master m?canique;2;4;"""Le Master mention M?canique vous propose huit parcours pour ma?triser des techniques de fabrication de structures ? base de diff?rents mat?riaux (composites, bois, m?talliques), pour dimensionner ces structures ainsi que pour ma?triser des syst?mes ?nerg?tiques, fluidiques et de propulsion. Ce Master s'appuie sur deux parcours de premi?re ann?e (M1) : l'un est dispens? majoritairement en fran?ais, M?canique, et l?utre majoritairement en langue anglaise, M?canique International. En M1 M?canique, vous suivez des enseignements th?oriques et pratiques, essentiellement sur le site de la Facult? des Sciences et des Techniques de l'Universit? de Nantes, puis vous effectuez un stage en laboratoire de recherche ou en entreprise (2 mois minimum, en France ou ? lՎtranger). En deuxi?me ann?e (M2), vous suivez des enseignements sp?cialis?s majoritairement en mode projet. Le second semestre est uniquement consacr? au stage, que vous effectuez soit en laboratoire de recherche, soit en entreprise. Le parcours de M2 M?canique et Fiabilit? des Structures (MFS) est propos? en formation initiale, ? la Facult? des Sciences et des Techniques, et est ouvert en alternance (contrat de professionnalisation - voir partie """"Programme"""" pour le calendrier de l'alternance). Le parcours de M2 Reliability Based Structural MAintenance for marine REnewable ENErgy (MAREENE) est un parcours international propos? par la Facult? des Sciences et des Techniques. Le parcours Thermal Science and Energy est propos? ? Polytech Nantes, en 2e ann?e du master mention M?canique. La formation est dispens?e en anglais. Elle a pour objectif l'approfondissement de la prise en compte du d?veloppement durable dans le domaine de l'?nergie. La formation s?lective """"Cursus Master Ing?nierie ?Ing?nierie en Calcul M?canique"""" (CMI ICM) est construite ? partir des parcours M1 M?canique et M2 M?canique et Fiabilit? des Structures. Les dipl?m?s de la mention m?canique ont les comp?tences n?cessaires pour ma?triser des techniques de fabrication de structures ? base de diff?rents mat?riaux (composites, bois, m?talliques), pour dimensionner et suivre ces structures, ainsi que ma?triser des syst?mes ?nerg?tiques, fluidiques, et de propulsion. Cette mention s?dresse donc ? tous les types de secteurs industriels, de service ou de recherche & innovation. Les orientations que peuvent prendre les dipl?m?s de la mention de master M?canique sont de deux natures : poursuivre leurs ?tudes avec la pr?paration d?ne th?se de doctorat dans les domaines de la m?canique, du calcul num?rique, des proc?d?s, des mat?riaux, de l?ng?nierie m?canique, de la thermique, de la fiabilit?, de lՎnerg?tique, de la propulsion, de la fabrication additive ; postuler aux m?tiers d?ng?nieur dՎtude, de calcul, de d?veloppement, ou de recherche et innovation dans les secteurs priv?s d?ndustrie ou de services.""";
 DES p?driatrie;4;5;"""Enseignements g?n?raux: : M?thodologie de lՎvaluation des pratiques de soins et de la recherche clinique et ?pid?miologique en p?diatrie ; Organisation, gestion, ?thique, droit et responsabilit? m?dicale en p?diatrie. Enseignements sp?cifiques : D?veloppement de l?mbryon et du foetus ; pr?valence de la pr?maturit? et de l?ypotrophie ? la naissance ; Croissance et d?veloppement somatique, sensoriel et psychologique normal et pathologique du nourrisson et de l?nfant ; Pubert? et sexualit? de l?nfant et de l?dolescent ; Alimentation et nutrition du nourrisson et de l?nfant ; Pharmacologie (m?tabolisme, posologie, action et toxicit?) des m?dicaments usuels en p?diatrie ; Explorations fonctionnelles en p?diatrie ; Morbidit? et mortalit? p?rinatale et infantile dans le monde ; ?pid?miologie, physiopathologie, anatomopathologie, diagnostic, pronostic et traitement des maladies du foetus et du nouveau-n?, du nourrisson, de l?nfant et de l?dolescent ; Protection maternelle et infantile, organisation des naissances et pr?vention de la pr?maturit? et de l?ypotrophie ; Pr?vention et prise en charge des malformations, des maladies g?n?tiques, des handicaps et de la maltraitance chez l?nfant ; diagnostic ant?natal et d?pistage n?onatal ; Programmes de vaccination ; Organisation et prise en charge de la douleur chez l?nfant et des urgences m?dico-chirurgicales p?diatriques. Formation pratique : Cinq semestres dans des services agr??s pour le dipl?me dՎtudes sp?cialis?es de p?diatrie, dont quatre au moins doivent ?tre accomplis dans des services hospitalo-universitaires ou conventionn?s. Ces semestres doivent ?tre effectu?s dans au moins deux services ou d?partements diff?rents. Durant ces cinq semestres, le candidat doit avoir valid? au moins un stage semestriel dans une unit? de p?diatrie g?n?rale, dans une unit? de n?onatologie et dans une unit? sp?cialis?e dans les urgences (service de r?animation p?diatrique ou service de p?diatrie d?rgence ou prise de vingt-six gardes formatrices dans des unit?s de r?animation p?diatrique). Un semestre dans un service agr?? pour les dipl?mes dՎtudes sp?cialis?es de p?diatrie, de g?n?tique, de gyn?cologie-obst?trique et gyn?cologie m?dicale ou de sant? publique et m?decine sociale ; Deux semestres dans des services agr??s pour d?utres dipl?mes dՎtudes sp?cialis?es que le dipl?me dՎtudes sp?cialis?es de p?diatrie ou pour des dipl?mes dՎtudes sp?cialis?es compl?mentaires.""";
 Master biologie ;2;3;"""Le master biologie est une formation bac+5 qui se d?roule ? l?niversit?, pendant deux ans. Cette formation est d?coup?e en deux parties : le M1 et le M2. Durant cette formation, les ?tudiants suivent des cours vari?s, tant pratiques que th?oriques. La biologie domine le programme, mais de nombreuses sp?cialit?s et options sont disponibles. Ainsi les ?tudiants pourront choisir entre la sp?cialisation en biologie pure ou bien l?uverture ? des enseignements compl?mentaires comme la biochimie ou la bio-ing?nierie. Le master de biologie est reconnu par lՃtat au titre du programme LMD et d?livre 120 cr?dits ECTS. Selon lՎtablissement dans lequel il est dispens?, le master biologie peut se suivre en partie ? lՎtranger gr?ce au programme Erasmus. Que fait-on en master biologie_? Durant cette formation, les ?tudiants sont form?s aux mati?res suivantes : microbiologie bio-informatique biologie mol?culaire biologie cellulaire g?n?tique immunologie biophysique biochimie R&D bact?riologie parasitologie mycologie virologie s?curit? sanitaire prot?omique pharmacologie ?pig?n?tique bio-ing?nierie Les cours seront suivis en travaux encadr?s (TD) et en cours magistraux (CM). """;
 Capes;1;3;"""Le certificat d?ptitude au professorat de l?nseignement du second degr? (CAPES) est un dipl?me professionnel du minist?re fran?ais de l'?ducation nationale, de l'Enseignement sup?rieur et de la Recherche, qui sanctionne cinq ann?es d'?tudes apr?s le baccalaur?at. Il est d?livr? aux candidats qui, apr?s avoir r?ussi les ?preuves d?n concours de recrutement (externe, interne ou troisi?me concours), ont ?t? admis ? l'examen de qualification professionnelle. Depuis 2010, les professeurs certifi?s doivent valider simultan?ment les ?preuves du CAPES et un dipl?me de master. Ils sont ensuite fonctionnaires stagiaires une ann?e (r?gle g?n?rale appliqu?e ? l'ensemble des fonctionnaires). Le CAPES permet d'enseigner au coll?ge et au lyc?e d'enseignement g?n?ral et technologique (y compris en BTS), ainsi que parfois en universit? (statut des PRCE). Pour les besoins du service, il peut ?tre demand? aux professeurs certifi?s d'effectuer une partie de leur service en lyc?e professionnel. Le certificat d'aptitude aux fonctions d'enseignant du second degr? dans les ?tablissements d'enseignement priv? sous contrat (CAFEP) est lՎquivalent du CAPES pour enseigner dans le priv? sous contrat.""";
 Agr?gation;1;4;"""L?gr?gation s?dresse aux personnes qui souhaitent enseigner au lyc?e, dans les classes pr?paratoires aux grandes ?coles (CPGE), dans les sections de techniciens sup?rieurs (BTS) ou au sein des universit?s en tant que PRAG (professeur agr?g?). Les programmes de la session 2019 des diff?rentes sp?cialit?s sont disponibles. Les premiers concern?s sont les ?tudiants inscrits en 2e ann?e du Master MEEF (M?tiers de l?nseignement, de lՎducation, et de la formation), pr?par? au sein des ESPE (?coles sup?rieures du professorat et de lՎducation). Peuvent aussi candidater les titulaires d?n Master 2 dans une autre discipline ou d?n dipl?me ?quivalent. A noter que les p?res et m?res de trois enfants, ainsi que les sportifs de haut niveau n?nt pas pour obligation dՐtre dipl?m?s pour avoir le droit de se pr?senter aux ?preuves. Les ?preuves Vous passerez d?bord des ?preuves ?crites d?dmissibilit?, puis des ?preuves orales d?dmission. Le contenu des ?preuves varie selon la discipline que vous souhaitez enseigner et dans laquelle vous vous ?tes sp?cialis?. Il y a au total 18 sections : Section philosophie, section grammaire, section lettres classiques, section lettres modernes, section histoire, section g?ographie, section langues vivantes ?trang?res. Section math?matiques, section physiques-chimie, section sciences de la vie-sciences de la Terre et de l?nivers, section biochimie-g?nie biologique, section sciences m?dico-sociales. Section musique, section arts- Section sciences ?conomiques et sociales, section ?conomie et gestion Section sciences industrielles de l?ng?nieur Section ?ducation physique et sportive?"";
 CRPE;1;3;"""Pour enseigner dans une ?cole maternelle ou une ?cole ?l?mentaire publique, vous devez r?ussir le CRPE, concours de recrutement de professeurs des ?coles. L'obtention du CRPE permet, apr?s validation de l'ann?e de stage, de devenir professeur des ?coles. Un professeur des ?coles est, comme tout enseignant titulaire des ?tablissements de l'enseignement public, un fonctionnaire de l'?tat. Le choix de l'acad?mie d'inscription au concours est important. En effet, vous serez nomm? professeur-stagiaire et affect? dans un d?partement de l'acad?mie dans laquelle vous avez ?t? recrut?. Le choix du d?partement est effectu? en fonction de vos v?x formul?s au moment de l'inscription au concours et de votre classement au concours. Chaque ann?e un nombre de postes offerts dans chaque acad?mie est publi?, au plus tard la veille de la premi?re ?preuve ?crite d'admissibilit?. Six concours du CRPE peuvent ?tre organis?s, pour des profils diff?rents : Le CRPE externe s'adresse aux ?tudiants inscrits en master 1 ou master 2 ainsi qu'aux personnes qui remplissent les conditions pour s'inscrire en deuxi?me ann?e de Master et celles qui d?tiennent d?j? un dipl?me de master (ou un ?quivalent). Le CRPE externe sp?cial s'adresse aux m?mes personnes que le CRPE externe. Sa particularit? est d'avoir deux ?preuves suppl?mentaires portant chacune sur une langue r?gionale. Le troisi?me CRPE est accessible ? tous ceux qui ont au moins cinq ans d'exp?rience professionnelle dans le secteur priv?, sans condition de dipl?me. Le second CRPE interne concerne certaines personnes qui ont d?j? travaill? dans la fonction publique, qui peuvent justifier de trois ans d'exp?rience dans un service public et qui d?tiennent une licence (ou ?quivalent). Le second CRPE interne sp?cial s'adresse aux m?mes personnes que le second CRPE interne. Sa particularit? est d'avoir deux ?preuves suppl?mentaires portant chacune sur une langue r?gionale. Le premier CRPE interne est r?serv? aux instituteurs titulaires qui justifient de trois ann?es de services effectifs.""";
 Capet;1;3;"""Le Capet, Certificat d'Aptitude au Professorat de l'Enseignement Technique, est un concours qui peut ?tre organis? dans les sections suivantes : arts appliqu?s (option design, option m?tiers d'arts) biotechnologies (option biochimie-g?nie biologique, option sant?-environnement) ?conomie et gestion (option communication, organisation et gestion des ressources humaines, option comptabilit? et finance, option marketing, option informatique et syst?mes d'information, option gestion des activit?s touristiques) esth?tique-cosm?tique h?tellerie restauration (option sciences et technologies culinaires, option sciences et technologies des services en h?tellerie et restauration) industries graphiques sciences industrielles de l'ing?nieur (option architecture et construction, option ?nergie, option information et num?rique, option ing?nierie m?canique) sciences et techniques m?dico-sociales Toutes les sections et options ne sont pas ouvertes tous les ans. Une liste des sections ouvertes est publi?e au moment des inscriptions""";
;;;;
;;;;
;;;;
;;;;
;;;;
;;;;
;;;;
;;;;
;;;;
;;;;
;;;;
;;;;
;;;;
;;;;
;;;;
;;;;
;;;;
;;;;
;;;;
;;;;
;;;;
;;;;
;;;;
;;;;
;;;;
;;;;
;;;;
